--
-- File generated with SQLiteStudio v3.2.1 on Tue Mar 30 10:57:56 2021
--
-- Text encoding used: System
--
PRAGMA foreign_keys = off;
BEGIN TRANSACTION;

-- Table: Adjacent
DROP TABLE IF EXISTS Adjacent;
CREATE TABLE Adjacent (Boarder1 INTEGER REFERENCES Boarder (BoarderId), Boarder2 INTEGER REFERENCES Boarder (BoarderId));
INSERT INTO Adjacent (Boarder1, Boarder2) VALUES (3, 17);
INSERT INTO Adjacent (Boarder1, Boarder2) VALUES (3, 22);
INSERT INTO Adjacent (Boarder1, Boarder2) VALUES (3, 20);
INSERT INTO Adjacent (Boarder1, Boarder2) VALUES (3, 28);
INSERT INTO Adjacent (Boarder1, Boarder2) VALUES (3, 33);
INSERT INTO Adjacent (Boarder1, Boarder2) VALUES (3, 61);
INSERT INTO Adjacent (Boarder1, Boarder2) VALUES (4, 28);
INSERT INTO Adjacent (Boarder1, Boarder2) VALUES (4, 33);
INSERT INTO Adjacent (Boarder1, Boarder2) VALUES (4, 57);
INSERT INTO Adjacent (Boarder1, Boarder2) VALUES (4, 68);
INSERT INTO Adjacent (Boarder1, Boarder2) VALUES (5, 7);
INSERT INTO Adjacent (Boarder1, Boarder2) VALUES (5, 12);
INSERT INTO Adjacent (Boarder1, Boarder2) VALUES (5, 20);
INSERT INTO Adjacent (Boarder1, Boarder2) VALUES (5, 61);
INSERT INTO Adjacent (Boarder1, Boarder2) VALUES (6, 33);
INSERT INTO Adjacent (Boarder1, Boarder2) VALUES (6, 43);
INSERT INTO Adjacent (Boarder1, Boarder2) VALUES (6, 54);
INSERT INTO Adjacent (Boarder1, Boarder2) VALUES (6, 70);
INSERT INTO Adjacent (Boarder1, Boarder2) VALUES (7, 5);
INSERT INTO Adjacent (Boarder1, Boarder2) VALUES (7, 12);
INSERT INTO Adjacent (Boarder1, Boarder2) VALUES (7, 58);
INSERT INTO Adjacent (Boarder1, Boarder2) VALUES (7, 61);
INSERT INTO Adjacent (Boarder1, Boarder2) VALUES (7, 67);
INSERT INTO Adjacent (Boarder1, Boarder2) VALUES (8, 66);
INSERT INTO Adjacent (Boarder1, Boarder2) VALUES (8, 11);
INSERT INTO Adjacent (Boarder1, Boarder2) VALUES (8, 21);
INSERT INTO Adjacent (Boarder1, Boarder2) VALUES (8, 30);
INSERT INTO Adjacent (Boarder1, Boarder2) VALUES (8, 35);
INSERT INTO Adjacent (Boarder1, Boarder2) VALUES (8, 37);
INSERT INTO Adjacent (Boarder1, Boarder2) VALUES (8, 53);
INSERT INTO Adjacent (Boarder1, Boarder2) VALUES (9, 47);
INSERT INTO Adjacent (Boarder1, Boarder2) VALUES (9, 64);
INSERT INTO Adjacent (Boarder1, Boarder2) VALUES (10, 50);
INSERT INTO Adjacent (Boarder1, Boarder2) VALUES (10, 55);
INSERT INTO Adjacent (Boarder1, Boarder2) VALUES (10, 18);
INSERT INTO Adjacent (Boarder1, Boarder2) VALUES (10, 24);
INSERT INTO Adjacent (Boarder1, Boarder2) VALUES (10, 32);
INSERT INTO Adjacent (Boarder1, Boarder2) VALUES (10, 46);
INSERT INTO Adjacent (Boarder1, Boarder2) VALUES (11, 8);
INSERT INTO Adjacent (Boarder1, Boarder2) VALUES (11, 35);
INSERT INTO Adjacent (Boarder1, Boarder2) VALUES (11, 42);
INSERT INTO Adjacent (Boarder1, Boarder2) VALUES (11, 53);
INSERT INTO Adjacent (Boarder1, Boarder2) VALUES (11, 59);
INSERT INTO Adjacent (Boarder1, Boarder2) VALUES (12, 5);
INSERT INTO Adjacent (Boarder1, Boarder2) VALUES (12, 7);
INSERT INTO Adjacent (Boarder1, Boarder2) VALUES (12, 16);
INSERT INTO Adjacent (Boarder1, Boarder2) VALUES (12, 20);
INSERT INTO Adjacent (Boarder1, Boarder2) VALUES (12, 56);
INSERT INTO Adjacent (Boarder1, Boarder2) VALUES (12, 58);
INSERT INTO Adjacent (Boarder1, Boarder2) VALUES (13, 75);
INSERT INTO Adjacent (Boarder1, Boarder2) VALUES (13, 26);
INSERT INTO Adjacent (Boarder1, Boarder2) VALUES (13, 42);
INSERT INTO Adjacent (Boarder1, Boarder2) VALUES (13, 59);
INSERT INTO Adjacent (Boarder1, Boarder2) VALUES (13, 71);
INSERT INTO Adjacent (Boarder1, Boarder2) VALUES (14, 50);
INSERT INTO Adjacent (Boarder1, Boarder2) VALUES (14, 24);
INSERT INTO Adjacent (Boarder1, Boarder2) VALUES (14, 27);
INSERT INTO Adjacent (Boarder1, Boarder2) VALUES (14, 40);
INSERT INTO Adjacent (Boarder1, Boarder2) VALUES (14, 49);
INSERT INTO Adjacent (Boarder1, Boarder2) VALUES (15, 75);
INSERT INTO Adjacent (Boarder1, Boarder2) VALUES (15, 26);
INSERT INTO Adjacent (Boarder1, Boarder2) VALUES (15, 56);
INSERT INTO Adjacent (Boarder1, Boarder2) VALUES (15, 57);
INSERT INTO Adjacent (Boarder1, Boarder2) VALUES (15, 68);
INSERT INTO Adjacent (Boarder1, Boarder2) VALUES (16, 12);
INSERT INTO Adjacent (Boarder1, Boarder2) VALUES (16, 20);
INSERT INTO Adjacent (Boarder1, Boarder2) VALUES (16, 56);
INSERT INTO Adjacent (Boarder1, Boarder2) VALUES (16, 57);
INSERT INTO Adjacent (Boarder1, Boarder2) VALUES (17, 3);
INSERT INTO Adjacent (Boarder1, Boarder2) VALUES (17, 20);
INSERT INTO Adjacent (Boarder1, Boarder2) VALUES (17, 28);
INSERT INTO Adjacent (Boarder1, Boarder2) VALUES (17, 57);
INSERT INTO Adjacent (Boarder1, Boarder2) VALUES (18, 10);
INSERT INTO Adjacent (Boarder1, Boarder2) VALUES (18, 50);
INSERT INTO Adjacent (Boarder1, Boarder2) VALUES (18, 55);
INSERT INTO Adjacent (Boarder1, Boarder2) VALUES (18, 27);
INSERT INTO Adjacent (Boarder1, Boarder2) VALUES (18, 39);
INSERT INTO Adjacent (Boarder1, Boarder2) VALUES (18, 42);
INSERT INTO Adjacent (Boarder1, Boarder2) VALUES (18, 49);
INSERT INTO Adjacent (Boarder1, Boarder2) VALUES (19, 48);
INSERT INTO Adjacent (Boarder1, Boarder2) VALUES (19, 23);
INSERT INTO Adjacent (Boarder1, Boarder2) VALUES (19, 36);
INSERT INTO Adjacent (Boarder1, Boarder2) VALUES (19, 44);
INSERT INTO Adjacent (Boarder1, Boarder2) VALUES (20, 3);
INSERT INTO Adjacent (Boarder1, Boarder2) VALUES (20, 5);
INSERT INTO Adjacent (Boarder1, Boarder2) VALUES (20, 12);
INSERT INTO Adjacent (Boarder1, Boarder2) VALUES (20, 16);
INSERT INTO Adjacent (Boarder1, Boarder2) VALUES (20, 17);
INSERT INTO Adjacent (Boarder1, Boarder2) VALUES (20, 61);
INSERT INTO Adjacent (Boarder1, Boarder2) VALUES (21, 8);
INSERT INTO Adjacent (Boarder1, Boarder2) VALUES (21, 66);
INSERT INTO Adjacent (Boarder1, Boarder2) VALUES (21, 31);
INSERT INTO Adjacent (Boarder1, Boarder2) VALUES (21, 35);
INSERT INTO Adjacent (Boarder1, Boarder2) VALUES (21, 46);
INSERT INTO Adjacent (Boarder1, Boarder2) VALUES (21, 60);
INSERT INTO Adjacent (Boarder1, Boarder2) VALUES (22, 3);
INSERT INTO Adjacent (Boarder1, Boarder2) VALUES (22, 33);
INSERT INTO Adjacent (Boarder1, Boarder2) VALUES (22, 61);
INSERT INTO Adjacent (Boarder1, Boarder2) VALUES (22, 67);
INSERT INTO Adjacent (Boarder1, Boarder2) VALUES (23, 19);
INSERT INTO Adjacent (Boarder1, Boarder2) VALUES (23, 48);
INSERT INTO Adjacent (Boarder1, Boarder2) VALUES (23, 79);
INSERT INTO Adjacent (Boarder1, Boarder2) VALUES (23, 36);
INSERT INTO Adjacent (Boarder1, Boarder2) VALUES (23, 44);
INSERT INTO Adjacent (Boarder1, Boarder2) VALUES (23, 46);
INSERT INTO Adjacent (Boarder1, Boarder2) VALUES (24, 10);
INSERT INTO Adjacent (Boarder1, Boarder2) VALUES (24, 14);
INSERT INTO Adjacent (Boarder1, Boarder2) VALUES (24, 50);
INSERT INTO Adjacent (Boarder1, Boarder2) VALUES (24, 34);
INSERT INTO Adjacent (Boarder1, Boarder2) VALUES (24, 38);
INSERT INTO Adjacent (Boarder1, Boarder2) VALUES (24, 40);
INSERT INTO Adjacent (Boarder1, Boarder2) VALUES (24, 46);
INSERT INTO Adjacent (Boarder1, Boarder2) VALUES (24, 76);
INSERT INTO Adjacent (Boarder1, Boarder2) VALUES (25, 65);
INSERT INTO Adjacent (Boarder1, Boarder2) VALUES (25, 66);
INSERT INTO Adjacent (Boarder1, Boarder2) VALUES (25, 30);
INSERT INTO Adjacent (Boarder1, Boarder2) VALUES (25, 47);
INSERT INTO Adjacent (Boarder1, Boarder2) VALUES (26, 13);
INSERT INTO Adjacent (Boarder1, Boarder2) VALUES (26, 15);
INSERT INTO Adjacent (Boarder1, Boarder2) VALUES (26, 75);
INSERT INTO Adjacent (Boarder1, Boarder2) VALUES (26, 77);
INSERT INTO Adjacent (Boarder1, Boarder2) VALUES (26, 56);
INSERT INTO Adjacent (Boarder1, Boarder2) VALUES (26, 59);
INSERT INTO Adjacent (Boarder1, Boarder2) VALUES (26, 73);
INSERT INTO Adjacent (Boarder1, Boarder2) VALUES (27, 14);
INSERT INTO Adjacent (Boarder1, Boarder2) VALUES (27, 18);
INSERT INTO Adjacent (Boarder1, Boarder2) VALUES (27, 62);
INSERT INTO Adjacent (Boarder1, Boarder2) VALUES (27, 39);
INSERT INTO Adjacent (Boarder1, Boarder2) VALUES (27, 40);
INSERT INTO Adjacent (Boarder1, Boarder2) VALUES (27, 49);
INSERT INTO Adjacent (Boarder1, Boarder2) VALUES (28, 3);
INSERT INTO Adjacent (Boarder1, Boarder2) VALUES (28, 4);
INSERT INTO Adjacent (Boarder1, Boarder2) VALUES (28, 17);
INSERT INTO Adjacent (Boarder1, Boarder2) VALUES (28, 33);
INSERT INTO Adjacent (Boarder1, Boarder2) VALUES (28, 57);
INSERT INTO Adjacent (Boarder1, Boarder2) VALUES (30, 8);
INSERT INTO Adjacent (Boarder1, Boarder2) VALUES (30, 25);
INSERT INTO Adjacent (Boarder1, Boarder2) VALUES (30, 66);
INSERT INTO Adjacent (Boarder1, Boarder2) VALUES (30, 65);
INSERT INTO Adjacent (Boarder1, Boarder2) VALUES (30, 37);
INSERT INTO Adjacent (Boarder1, Boarder2) VALUES (29, 78);
INSERT INTO Adjacent (Boarder1, Boarder2) VALUES (29, 39);
INSERT INTO Adjacent (Boarder1, Boarder2) VALUES (29, 51);
INSERT INTO Adjacent (Boarder1, Boarder2) VALUES (29, 63);
INSERT INTO Adjacent (Boarder1, Boarder2) VALUES (29, 70);
INSERT INTO Adjacent (Boarder1, Boarder2) VALUES (29, 72);
INSERT INTO Adjacent (Boarder1, Boarder2) VALUES (31, 21);
INSERT INTO Adjacent (Boarder1, Boarder2) VALUES (31, 32);
INSERT INTO Adjacent (Boarder1, Boarder2) VALUES (31, 35);
INSERT INTO Adjacent (Boarder1, Boarder2) VALUES (31, 46);
INSERT INTO Adjacent (Boarder1, Boarder2) VALUES (32, 10);
INSERT INTO Adjacent (Boarder1, Boarder2) VALUES (32, 31);
INSERT INTO Adjacent (Boarder1, Boarder2) VALUES (32, 55);
INSERT INTO Adjacent (Boarder1, Boarder2) VALUES (32, 35);
INSERT INTO Adjacent (Boarder1, Boarder2) VALUES (32, 46);
INSERT INTO Adjacent (Boarder1, Boarder2) VALUES (33, 3);
INSERT INTO Adjacent (Boarder1, Boarder2) VALUES (33, 4);
INSERT INTO Adjacent (Boarder1, Boarder2) VALUES (33, 6);
INSERT INTO Adjacent (Boarder1, Boarder2) VALUES (33, 22);
INSERT INTO Adjacent (Boarder1, Boarder2) VALUES (33, 28);
INSERT INTO Adjacent (Boarder1, Boarder2) VALUES (33, 43);
INSERT INTO Adjacent (Boarder1, Boarder2) VALUES (33, 69);
INSERT INTO Adjacent (Boarder1, Boarder2) VALUES (33, 72);
INSERT INTO Adjacent (Boarder1, Boarder2) VALUES (34, 24);
INSERT INTO Adjacent (Boarder1, Boarder2) VALUES (34, 36);
INSERT INTO Adjacent (Boarder1, Boarder2) VALUES (34, 40);
INSERT INTO Adjacent (Boarder1, Boarder2) VALUES (34, 44);
INSERT INTO Adjacent (Boarder1, Boarder2) VALUES (34, 76);
INSERT INTO Adjacent (Boarder1, Boarder2) VALUES (35, 8);
INSERT INTO Adjacent (Boarder1, Boarder2) VALUES (35, 11);
INSERT INTO Adjacent (Boarder1, Boarder2) VALUES (35, 21);
INSERT INTO Adjacent (Boarder1, Boarder2) VALUES (35, 31);
INSERT INTO Adjacent (Boarder1, Boarder2) VALUES (35, 32);
INSERT INTO Adjacent (Boarder1, Boarder2) VALUES (35, 55);
INSERT INTO Adjacent (Boarder1, Boarder2) VALUES (35, 42);
INSERT INTO Adjacent (Boarder1, Boarder2) VALUES (36, 19);
INSERT INTO Adjacent (Boarder1, Boarder2) VALUES (36, 23);
INSERT INTO Adjacent (Boarder1, Boarder2) VALUES (36, 34);
INSERT INTO Adjacent (Boarder1, Boarder2) VALUES (36, 79);
INSERT INTO Adjacent (Boarder1, Boarder2) VALUES (36, 44);
INSERT INTO Adjacent (Boarder1, Boarder2) VALUES (36, 76);
INSERT INTO Adjacent (Boarder1, Boarder2) VALUES (37, 8);
INSERT INTO Adjacent (Boarder1, Boarder2) VALUES (37, 30);
INSERT INTO Adjacent (Boarder1, Boarder2) VALUES (37, 77);
INSERT INTO Adjacent (Boarder1, Boarder2) VALUES (37, 65);
INSERT INTO Adjacent (Boarder1, Boarder2) VALUES (37, 41);
INSERT INTO Adjacent (Boarder1, Boarder2) VALUES (37, 53);
INSERT INTO Adjacent (Boarder1, Boarder2) VALUES (38, 24);
INSERT INTO Adjacent (Boarder1, Boarder2) VALUES (38, 79);
INSERT INTO Adjacent (Boarder1, Boarder2) VALUES (38, 46);
INSERT INTO Adjacent (Boarder1, Boarder2) VALUES (38, 76);
INSERT INTO Adjacent (Boarder1, Boarder2) VALUES (39, 18);
INSERT INTO Adjacent (Boarder1, Boarder2) VALUES (39, 27);
INSERT INTO Adjacent (Boarder1, Boarder2) VALUES (39, 29);
INSERT INTO Adjacent (Boarder1, Boarder2) VALUES (39, 51);
INSERT INTO Adjacent (Boarder1, Boarder2) VALUES (39, 63);
INSERT INTO Adjacent (Boarder1, Boarder2) VALUES (40, 14);
INSERT INTO Adjacent (Boarder1, Boarder2) VALUES (40, 24);
INSERT INTO Adjacent (Boarder1, Boarder2) VALUES (40, 27);
INSERT INTO Adjacent (Boarder1, Boarder2) VALUES (40, 34);
INSERT INTO Adjacent (Boarder1, Boarder2) VALUES (40, 62);
INSERT INTO Adjacent (Boarder1, Boarder2) VALUES (40, 78);
INSERT INTO Adjacent (Boarder1, Boarder2) VALUES (40, 45);
INSERT INTO Adjacent (Boarder1, Boarder2) VALUES (40, 44);
INSERT INTO Adjacent (Boarder1, Boarder2) VALUES (40, 52);
INSERT INTO Adjacent (Boarder1, Boarder2) VALUES (40, 63);
INSERT INTO Adjacent (Boarder1, Boarder2) VALUES (41, 37);
INSERT INTO Adjacent (Boarder1, Boarder2) VALUES (41, 77);
INSERT INTO Adjacent (Boarder1, Boarder2) VALUES (41, 65);
INSERT INTO Adjacent (Boarder1, Boarder2) VALUES (41, 58);
INSERT INTO Adjacent (Boarder1, Boarder2) VALUES (41, 73);
INSERT INTO Adjacent (Boarder1, Boarder2) VALUES (42, 11);
INSERT INTO Adjacent (Boarder1, Boarder2) VALUES (42, 13);
INSERT INTO Adjacent (Boarder1, Boarder2) VALUES (42, 18);
INSERT INTO Adjacent (Boarder1, Boarder2) VALUES (42, 35);
INSERT INTO Adjacent (Boarder1, Boarder2) VALUES (42, 55);
INSERT INTO Adjacent (Boarder1, Boarder2) VALUES (42, 59);
INSERT INTO Adjacent (Boarder1, Boarder2) VALUES (42, 71);
INSERT INTO Adjacent (Boarder1, Boarder2) VALUES (43, 6);
INSERT INTO Adjacent (Boarder1, Boarder2) VALUES (43, 33);
INSERT INTO Adjacent (Boarder1, Boarder2) VALUES (43, 54);
INSERT INTO Adjacent (Boarder1, Boarder2) VALUES (43, 72);
INSERT INTO Adjacent (Boarder1, Boarder2) VALUES (45, 78);
INSERT INTO Adjacent (Boarder1, Boarder2) VALUES (45, 40);
INSERT INTO Adjacent (Boarder1, Boarder2) VALUES (45, 69);
INSERT INTO Adjacent (Boarder1, Boarder2) VALUES (44, 19);
INSERT INTO Adjacent (Boarder1, Boarder2) VALUES (44, 23);
INSERT INTO Adjacent (Boarder1, Boarder2) VALUES (44, 34);
INSERT INTO Adjacent (Boarder1, Boarder2) VALUES (44, 36);
INSERT INTO Adjacent (Boarder1, Boarder2) VALUES (44, 40);
INSERT INTO Adjacent (Boarder1, Boarder2) VALUES (44, 48);
INSERT INTO Adjacent (Boarder1, Boarder2) VALUES (46, 10);
INSERT INTO Adjacent (Boarder1, Boarder2) VALUES (46, 21);
INSERT INTO Adjacent (Boarder1, Boarder2) VALUES (46, 23);
INSERT INTO Adjacent (Boarder1, Boarder2) VALUES (46, 24);
INSERT INTO Adjacent (Boarder1, Boarder2) VALUES (46, 31);
INSERT INTO Adjacent (Boarder1, Boarder2) VALUES (46, 32);
INSERT INTO Adjacent (Boarder1, Boarder2) VALUES (46, 38);
INSERT INTO Adjacent (Boarder1, Boarder2) VALUES (46, 48);
INSERT INTO Adjacent (Boarder1, Boarder2) VALUES (46, 47);
INSERT INTO Adjacent (Boarder1, Boarder2) VALUES (46, 60);
INSERT INTO Adjacent (Boarder1, Boarder2) VALUES (47, 9);
INSERT INTO Adjacent (Boarder1, Boarder2) VALUES (47, 25);
INSERT INTO Adjacent (Boarder1, Boarder2) VALUES (47, 46);
INSERT INTO Adjacent (Boarder1, Boarder2) VALUES (47, 66);
INSERT INTO Adjacent (Boarder1, Boarder2) VALUES (47, 48);
INSERT INTO Adjacent (Boarder1, Boarder2) VALUES (47, 60);
INSERT INTO Adjacent (Boarder1, Boarder2) VALUES (47, 64);
INSERT INTO Adjacent (Boarder1, Boarder2) VALUES (48, 19);
INSERT INTO Adjacent (Boarder1, Boarder2) VALUES (48, 23);
INSERT INTO Adjacent (Boarder1, Boarder2) VALUES (48, 44);
INSERT INTO Adjacent (Boarder1, Boarder2) VALUES (48, 46);
INSERT INTO Adjacent (Boarder1, Boarder2) VALUES (48, 47);
INSERT INTO Adjacent (Boarder1, Boarder2) VALUES (49, 14);
INSERT INTO Adjacent (Boarder1, Boarder2) VALUES (49, 18);
INSERT INTO Adjacent (Boarder1, Boarder2) VALUES (49, 27);
INSERT INTO Adjacent (Boarder1, Boarder2) VALUES (49, 50);
INSERT INTO Adjacent (Boarder1, Boarder2) VALUES (50, 10);
INSERT INTO Adjacent (Boarder1, Boarder2) VALUES (50, 14);
INSERT INTO Adjacent (Boarder1, Boarder2) VALUES (50, 18);
INSERT INTO Adjacent (Boarder1, Boarder2) VALUES (50, 24);
INSERT INTO Adjacent (Boarder1, Boarder2) VALUES (50, 49);
INSERT INTO Adjacent (Boarder1, Boarder2) VALUES (51, 29);
INSERT INTO Adjacent (Boarder1, Boarder2) VALUES (51, 39);
INSERT INTO Adjacent (Boarder1, Boarder2) VALUES (51, 74);
INSERT INTO Adjacent (Boarder1, Boarder2) VALUES (51, 70);
INSERT INTO Adjacent (Boarder1, Boarder2) VALUES (51, 71);
INSERT INTO Adjacent (Boarder1, Boarder2) VALUES (52, 40);
INSERT INTO Adjacent (Boarder1, Boarder2) VALUES (52, 62);
INSERT INTO Adjacent (Boarder1, Boarder2) VALUES (52, 63);
INSERT INTO Adjacent (Boarder1, Boarder2) VALUES (53, 8);
INSERT INTO Adjacent (Boarder1, Boarder2) VALUES (53, 11);
INSERT INTO Adjacent (Boarder1, Boarder2) VALUES (53, 37);
INSERT INTO Adjacent (Boarder1, Boarder2) VALUES (53, 77);
INSERT INTO Adjacent (Boarder1, Boarder2) VALUES (53, 59);
INSERT INTO Adjacent (Boarder1, Boarder2) VALUES (54, 6);
INSERT INTO Adjacent (Boarder1, Boarder2) VALUES (54, 43);
INSERT INTO Adjacent (Boarder1, Boarder2) VALUES (54, 74);
INSERT INTO Adjacent (Boarder1, Boarder2) VALUES (54, 70);
INSERT INTO Adjacent (Boarder1, Boarder2) VALUES (54, 72);
INSERT INTO Adjacent (Boarder1, Boarder2) VALUES (55, 10);
INSERT INTO Adjacent (Boarder1, Boarder2) VALUES (55, 18);
INSERT INTO Adjacent (Boarder1, Boarder2) VALUES (55, 32);
INSERT INTO Adjacent (Boarder1, Boarder2) VALUES (55, 35);
INSERT INTO Adjacent (Boarder1, Boarder2) VALUES (55, 42);
INSERT INTO Adjacent (Boarder1, Boarder2) VALUES (56, 12);
INSERT INTO Adjacent (Boarder1, Boarder2) VALUES (56, 15);
INSERT INTO Adjacent (Boarder1, Boarder2) VALUES (56, 16);
INSERT INTO Adjacent (Boarder1, Boarder2) VALUES (56, 26);
INSERT INTO Adjacent (Boarder1, Boarder2) VALUES (56, 57);
INSERT INTO Adjacent (Boarder1, Boarder2) VALUES (56, 58);
INSERT INTO Adjacent (Boarder1, Boarder2) VALUES (56, 73);
INSERT INTO Adjacent (Boarder1, Boarder2) VALUES (57, 4);
INSERT INTO Adjacent (Boarder1, Boarder2) VALUES (57, 15);
INSERT INTO Adjacent (Boarder1, Boarder2) VALUES (57, 16);
INSERT INTO Adjacent (Boarder1, Boarder2) VALUES (57, 17);
INSERT INTO Adjacent (Boarder1, Boarder2) VALUES (57, 28);
INSERT INTO Adjacent (Boarder1, Boarder2) VALUES (57, 56);
INSERT INTO Adjacent (Boarder1, Boarder2) VALUES (57, 68);
INSERT INTO Adjacent (Boarder1, Boarder2) VALUES (58, 7);
INSERT INTO Adjacent (Boarder1, Boarder2) VALUES (58, 12);
INSERT INTO Adjacent (Boarder1, Boarder2) VALUES (58, 41);
INSERT INTO Adjacent (Boarder1, Boarder2) VALUES (58, 56);
INSERT INTO Adjacent (Boarder1, Boarder2) VALUES (58, 73);
INSERT INTO Adjacent (Boarder1, Boarder2) VALUES (59, 11);
INSERT INTO Adjacent (Boarder1, Boarder2) VALUES (59, 13);
INSERT INTO Adjacent (Boarder1, Boarder2) VALUES (59, 26);
INSERT INTO Adjacent (Boarder1, Boarder2) VALUES (59, 42);
INSERT INTO Adjacent (Boarder1, Boarder2) VALUES (59, 53);
INSERT INTO Adjacent (Boarder1, Boarder2) VALUES (59, 77);
INSERT INTO Adjacent (Boarder1, Boarder2) VALUES (60, 21);
INSERT INTO Adjacent (Boarder1, Boarder2) VALUES (60, 47);
INSERT INTO Adjacent (Boarder1, Boarder2) VALUES (60, 66);
INSERT INTO Adjacent (Boarder1, Boarder2) VALUES (60, 46);
INSERT INTO Adjacent (Boarder1, Boarder2) VALUES (61, 3);
INSERT INTO Adjacent (Boarder1, Boarder2) VALUES (61, 5);
INSERT INTO Adjacent (Boarder1, Boarder2) VALUES (61, 7);
INSERT INTO Adjacent (Boarder1, Boarder2) VALUES (61, 20);
INSERT INTO Adjacent (Boarder1, Boarder2) VALUES (61, 22);
INSERT INTO Adjacent (Boarder1, Boarder2) VALUES (61, 67);
INSERT INTO Adjacent (Boarder1, Boarder2) VALUES (62, 27);
INSERT INTO Adjacent (Boarder1, Boarder2) VALUES (62, 40);
INSERT INTO Adjacent (Boarder1, Boarder2) VALUES (62, 52);
INSERT INTO Adjacent (Boarder1, Boarder2) VALUES (63, 29);
INSERT INTO Adjacent (Boarder1, Boarder2) VALUES (63, 39);
INSERT INTO Adjacent (Boarder1, Boarder2) VALUES (63, 40);
INSERT INTO Adjacent (Boarder1, Boarder2) VALUES (63, 52);
INSERT INTO Adjacent (Boarder1, Boarder2) VALUES (63, 78);
INSERT INTO Adjacent (Boarder1, Boarder2) VALUES (64, 9);
INSERT INTO Adjacent (Boarder1, Boarder2) VALUES (64, 47);
INSERT INTO Adjacent (Boarder1, Boarder2) VALUES (65, 25);
INSERT INTO Adjacent (Boarder1, Boarder2) VALUES (65, 30);
INSERT INTO Adjacent (Boarder1, Boarder2) VALUES (65, 37);
INSERT INTO Adjacent (Boarder1, Boarder2) VALUES (65, 41);
INSERT INTO Adjacent (Boarder1, Boarder2) VALUES (66, 8);
INSERT INTO Adjacent (Boarder1, Boarder2) VALUES (66, 21);
INSERT INTO Adjacent (Boarder1, Boarder2) VALUES (66, 25);
INSERT INTO Adjacent (Boarder1, Boarder2) VALUES (66, 30);
INSERT INTO Adjacent (Boarder1, Boarder2) VALUES (66, 47);
INSERT INTO Adjacent (Boarder1, Boarder2) VALUES (66, 60);
INSERT INTO Adjacent (Boarder1, Boarder2) VALUES (67, 7);
INSERT INTO Adjacent (Boarder1, Boarder2) VALUES (67, 22);
INSERT INTO Adjacent (Boarder1, Boarder2) VALUES (67, 61);
INSERT INTO Adjacent (Boarder1, Boarder2) VALUES (68, 4);
INSERT INTO Adjacent (Boarder1, Boarder2) VALUES (68, 15);
INSERT INTO Adjacent (Boarder1, Boarder2) VALUES (68, 57);
INSERT INTO Adjacent (Boarder1, Boarder2) VALUES (68, 75);
INSERT INTO Adjacent (Boarder1, Boarder2) VALUES (68, 74);
INSERT INTO Adjacent (Boarder1, Boarder2) VALUES (68, 71);
INSERT INTO Adjacent (Boarder1, Boarder2) VALUES (69, 33);
INSERT INTO Adjacent (Boarder1, Boarder2) VALUES (69, 45);
INSERT INTO Adjacent (Boarder1, Boarder2) VALUES (69, 78);
INSERT INTO Adjacent (Boarder1, Boarder2) VALUES (69, 72);
INSERT INTO Adjacent (Boarder1, Boarder2) VALUES (70, 6);
INSERT INTO Adjacent (Boarder1, Boarder2) VALUES (70, 29);
INSERT INTO Adjacent (Boarder1, Boarder2) VALUES (70, 51);
INSERT INTO Adjacent (Boarder1, Boarder2) VALUES (70, 54);
INSERT INTO Adjacent (Boarder1, Boarder2) VALUES (70, 74);
INSERT INTO Adjacent (Boarder1, Boarder2) VALUES (70, 72);
INSERT INTO Adjacent (Boarder1, Boarder2) VALUES (71, 13);
INSERT INTO Adjacent (Boarder1, Boarder2) VALUES (71, 42);
INSERT INTO Adjacent (Boarder1, Boarder2) VALUES (71, 51);
INSERT INTO Adjacent (Boarder1, Boarder2) VALUES (71, 68);
INSERT INTO Adjacent (Boarder1, Boarder2) VALUES (71, 74);
INSERT INTO Adjacent (Boarder1, Boarder2) VALUES (71, 75);
INSERT INTO Adjacent (Boarder1, Boarder2) VALUES (72, 29);
INSERT INTO Adjacent (Boarder1, Boarder2) VALUES (72, 33);
INSERT INTO Adjacent (Boarder1, Boarder2) VALUES (72, 43);
INSERT INTO Adjacent (Boarder1, Boarder2) VALUES (72, 54);
INSERT INTO Adjacent (Boarder1, Boarder2) VALUES (72, 69);
INSERT INTO Adjacent (Boarder1, Boarder2) VALUES (72, 70);
INSERT INTO Adjacent (Boarder1, Boarder2) VALUES (72, 78);
INSERT INTO Adjacent (Boarder1, Boarder2) VALUES (73, 26);
INSERT INTO Adjacent (Boarder1, Boarder2) VALUES (73, 41);
INSERT INTO Adjacent (Boarder1, Boarder2) VALUES (73, 56);
INSERT INTO Adjacent (Boarder1, Boarder2) VALUES (73, 58);
INSERT INTO Adjacent (Boarder1, Boarder2) VALUES (73, 77);
INSERT INTO Adjacent (Boarder1, Boarder2) VALUES (74, 51);
INSERT INTO Adjacent (Boarder1, Boarder2) VALUES (74, 54);
INSERT INTO Adjacent (Boarder1, Boarder2) VALUES (74, 68);
INSERT INTO Adjacent (Boarder1, Boarder2) VALUES (74, 70);
INSERT INTO Adjacent (Boarder1, Boarder2) VALUES (74, 71);
INSERT INTO Adjacent (Boarder1, Boarder2) VALUES (75, 13);
INSERT INTO Adjacent (Boarder1, Boarder2) VALUES (75, 15);
INSERT INTO Adjacent (Boarder1, Boarder2) VALUES (75, 26);
INSERT INTO Adjacent (Boarder1, Boarder2) VALUES (75, 68);
INSERT INTO Adjacent (Boarder1, Boarder2) VALUES (75, 71);
INSERT INTO Adjacent (Boarder1, Boarder2) VALUES (76, 24);
INSERT INTO Adjacent (Boarder1, Boarder2) VALUES (76, 34);
INSERT INTO Adjacent (Boarder1, Boarder2) VALUES (76, 36);
INSERT INTO Adjacent (Boarder1, Boarder2) VALUES (76, 38);
INSERT INTO Adjacent (Boarder1, Boarder2) VALUES (76, 79);
INSERT INTO Adjacent (Boarder1, Boarder2) VALUES (77, 26);
INSERT INTO Adjacent (Boarder1, Boarder2) VALUES (77, 37);
INSERT INTO Adjacent (Boarder1, Boarder2) VALUES (77, 41);
INSERT INTO Adjacent (Boarder1, Boarder2) VALUES (77, 53);
INSERT INTO Adjacent (Boarder1, Boarder2) VALUES (77, 59);
INSERT INTO Adjacent (Boarder1, Boarder2) VALUES (77, 73);
INSERT INTO Adjacent (Boarder1, Boarder2) VALUES (78, 29);
INSERT INTO Adjacent (Boarder1, Boarder2) VALUES (78, 40);
INSERT INTO Adjacent (Boarder1, Boarder2) VALUES (78, 45);
INSERT INTO Adjacent (Boarder1, Boarder2) VALUES (78, 63);
INSERT INTO Adjacent (Boarder1, Boarder2) VALUES (78, 69);
INSERT INTO Adjacent (Boarder1, Boarder2) VALUES (78, 72);
INSERT INTO Adjacent (Boarder1, Boarder2) VALUES (79, 23);
INSERT INTO Adjacent (Boarder1, Boarder2) VALUES (79, 36);
INSERT INTO Adjacent (Boarder1, Boarder2) VALUES (79, 38);
INSERT INTO Adjacent (Boarder1, Boarder2) VALUES (79, 76);
INSERT INTO Adjacent (Boarder1, Boarder2) VALUES (2, 4);
INSERT INTO Adjacent (Boarder1, Boarder2) VALUES (4, 2);
INSERT INTO Adjacent (Boarder1, Boarder2) VALUES (2, 6);
INSERT INTO Adjacent (Boarder1, Boarder2) VALUES (6, 2);
INSERT INTO Adjacent (Boarder1, Boarder2) VALUES (2, 33);
INSERT INTO Adjacent (Boarder1, Boarder2) VALUES (33, 2);
INSERT INTO Adjacent (Boarder1, Boarder2) VALUES (2, 68);
INSERT INTO Adjacent (Boarder1, Boarder2) VALUES (68, 2);
INSERT INTO Adjacent (Boarder1, Boarder2) VALUES (2, 74);
INSERT INTO Adjacent (Boarder1, Boarder2) VALUES (74, 2);
INSERT INTO Adjacent (Boarder1, Boarder2) VALUES (48, 9);
INSERT INTO Adjacent (Boarder1, Boarder2) VALUES (9, 48);

-- Table: Boarder
DROP TABLE IF EXISTS Boarder;
CREATE TABLE Boarder (BoarderId INTEGER PRIMARY KEY, Regioncode TEXT REFERENCES Region (RegionCode), Type STRING NOT NULL, BoarderName STRING, mapX INTEGER, mapY INTEGER, Colour INTEGER);
INSERT INTO Boarder (BoarderId, Regioncode, Type, BoarderName, mapX, mapY, Colour) VALUES (2, 'adr', 'S', 'Adriatic Sea', 377, 481, NULL);
INSERT INTO Boarder (BoarderId, Regioncode, Type, BoarderName, mapX, mapY, Colour) VALUES (3, 'aeg', 'S', 'Aegean Sea', 512, 572, NULL);
INSERT INTO Boarder (BoarderId, Regioncode, Type, BoarderName, mapX, mapY, Colour) VALUES (4, 'alb', 'C', 'Albania', 435, 511, NULL);
INSERT INTO Boarder (BoarderId, Regioncode, Type, BoarderName, mapX, mapY, Colour) VALUES (5, 'ank', 'C', 'Ankara', 602, 508, NULL);
INSERT INTO Boarder (BoarderId, Regioncode, Type, BoarderName, mapX, mapY, Colour) VALUES (6, 'apu', 'C', 'Apulia', 380, 506, NULL);
INSERT INTO Boarder (BoarderId, Regioncode, Type, BoarderName, mapX, mapY, Colour) VALUES (7, 'arm', 'C', 'Armenia', 701, 505, NULL);
INSERT INTO Boarder (BoarderId, Regioncode, Type, BoarderName, mapX, mapY, Colour) VALUES (8, 'bal', 'S', 'Baltic Sea', 410, 266, NULL);
INSERT INTO Boarder (BoarderId, Regioncode, Type, BoarderName, mapX, mapY, Colour) VALUES (9, 'bar', 'S', 'Barents Sea', 537, 13, NULL);
INSERT INTO Boarder (BoarderId, Regioncode, Type, BoarderName, mapX, mapY, Colour) VALUES (10, 'bel', 'C', 'Belgium', 266, 336, NULL);
INSERT INTO Boarder (BoarderId, Regioncode, Type, BoarderName, mapX, mapY, Colour) VALUES (11, 'ber', 'C', 'Berlin', 362, 313, NULL);
INSERT INTO Boarder (BoarderId, Regioncode, Type, BoarderName, mapX, mapY, Colour) VALUES (12, 'bla', 'S', 'Black Sea', 573, 453, NULL);
INSERT INTO Boarder (BoarderId, Regioncode, Type, BoarderName, mapX, mapY, Colour) VALUES (13, 'boh', 'L', 'Bohemia', 369, 369, NULL);
INSERT INTO Boarder (BoarderId, Regioncode, Type, BoarderName, mapX, mapY, Colour) VALUES (14, 'bre', 'C', 'Brest', 195, 365, NULL);
INSERT INTO Boarder (BoarderId, Regioncode, Type, BoarderName, mapX, mapY, Colour) VALUES (15, 'bud', 'L', 'Budapest', 448, 405, NULL);
INSERT INTO Boarder (BoarderId, Regioncode, Type, BoarderName, mapX, mapY, Colour) VALUES (16, 'bul', 'C', 'Bulgaria EC', 516, 483, NULL);
INSERT INTO Boarder (BoarderId, Regioncode, Type, BoarderName, mapX, mapY, Colour) VALUES (17, 'bul', 'C', 'Bulgaria SC', 469, 509, NULL);
INSERT INTO Boarder (BoarderId, Regioncode, Type, BoarderName, mapX, mapY, Colour) VALUES (18, 'bur', 'L', 'Burgundy', 252, 397, NULL);
INSERT INTO Boarder (BoarderId, Regioncode, Type, BoarderName, mapX, mapY, Colour) VALUES (19, 'cly', 'C', 'Clyde', 200, 232, NULL);
INSERT INTO Boarder (BoarderId, Regioncode, Type, BoarderName, mapX, mapY, Colour) VALUES (20, 'con', 'C', 'Constantinople', 541, 530, NULL);
INSERT INTO Boarder (BoarderId, Regioncode, Type, BoarderName, mapX, mapY, Colour) VALUES (21, 'den', 'C', 'Denmark', 335, 255, NULL);
INSERT INTO Boarder (BoarderId, Regioncode, Type, BoarderName, mapX, mapY, Colour) VALUES (22, 'eme', 'S', 'Eastern Mediterranean', 573, 607, NULL);
INSERT INTO Boarder (BoarderId, Regioncode, Type, BoarderName, mapX, mapY, Colour) VALUES (23, 'edi', 'C', 'Edinburgh', 224, 218, NULL);
INSERT INTO Boarder (BoarderId, Regioncode, Type, BoarderName, mapX, mapY, Colour) VALUES (24, 'ech', 'S', 'English Channel', 187, 336, NULL);
INSERT INTO Boarder (BoarderId, Regioncode, Type, BoarderName, mapX, mapY, Colour) VALUES (25, 'fin', 'C', 'Finland', 486, 125, NULL);
INSERT INTO Boarder (BoarderId, Regioncode, Type, BoarderName, mapX, mapY, Colour) VALUES (26, 'gal', 'L', 'Galicia', 476, 374, NULL);
INSERT INTO Boarder (BoarderId, Regioncode, Type, BoarderName, mapX, mapY, Colour) VALUES (27, 'gas', 'C', 'Gascony', 204, 419, NULL);
INSERT INTO Boarder (BoarderId, Regioncode, Type, BoarderName, mapX, mapY, Colour) VALUES (28, 'gre', 'C', 'Greece', 454, 538, NULL);
INSERT INTO Boarder (BoarderId, Regioncode, Type, BoarderName, mapX, mapY, Colour) VALUES (29, 'gol', 'S', 'Gulf of Lyon', 245, 483, NULL);
INSERT INTO Boarder (BoarderId, Regioncode, Type, BoarderName, mapX, mapY, Colour) VALUES (30, 'gob', 'S', 'Gulf of Bothnia', 437, 200, NULL);
INSERT INTO Boarder (BoarderId, Regioncode, Type, BoarderName, mapX, mapY, Colour) VALUES (31, 'hel', 'S', 'Helgoland Bight', 296, 274, NULL);
INSERT INTO Boarder (BoarderId, Regioncode, Type, BoarderName, mapX, mapY, Colour) VALUES (32, 'hol', 'C', 'Holland', 290, 309, NULL);
INSERT INTO Boarder (BoarderId, Regioncode, Type, BoarderName, mapX, mapY, Colour) VALUES (33, 'ion', 'S', 'Ionian Sea', 413, 573, NULL);
INSERT INTO Boarder (BoarderId, Regioncode, Type, BoarderName, mapX, mapY, Colour) VALUES (34, 'iri', 'S', 'Irish Sea', 148, 295, NULL);
INSERT INTO Boarder (BoarderId, Regioncode, Type, BoarderName, mapX, mapY, Colour) VALUES (35, 'kie', 'C', 'Kiel', 323, 316, NULL);
INSERT INTO Boarder (BoarderId, Regioncode, Type, BoarderName, mapX, mapY, Colour) VALUES (36, 'lvp', 'C', 'Liverpool', 214, 265, NULL);
INSERT INTO Boarder (BoarderId, Regioncode, Type, BoarderName, mapX, mapY, Colour) VALUES (37, 'lvn', 'C', 'Livonia', 487, 247, NULL);
INSERT INTO Boarder (BoarderId, Regioncode, Type, BoarderName, mapX, mapY, Colour) VALUES (38, 'lon', 'C', 'London', 227, 307, NULL);
INSERT INTO Boarder (BoarderId, Regioncode, Type, BoarderName, mapX, mapY, Colour) VALUES (39, 'mar', 'C', 'Marseilles', 259, 442, NULL);
INSERT INTO Boarder (BoarderId, Regioncode, Type, BoarderName, mapX, mapY, Colour) VALUES (40, 'mao', 'S', 'Mid-Atlantic Ocean', 133, 377, NULL);
INSERT INTO Boarder (BoarderId, Regioncode, Type, BoarderName, mapX, mapY, Colour) VALUES (41, 'mos', 'L', 'Moscow', 560, 264, NULL);
INSERT INTO Boarder (BoarderId, Regioncode, Type, BoarderName, mapX, mapY, Colour) VALUES (42, 'mun', 'L', 'Munich', 319, 369, NULL);
INSERT INTO Boarder (BoarderId, Regioncode, Type, BoarderName, mapX, mapY, Colour) VALUES (43, 'nap', 'C', 'Naples', 375, 538, NULL);
INSERT INTO Boarder (BoarderId, Regioncode, Type, BoarderName, mapX, mapY, Colour) VALUES (44, 'nao', 'S', 'North Atlantic Ocean', 129, 197, NULL);
INSERT INTO Boarder (BoarderId, Regioncode, Type, BoarderName, mapX, mapY, Colour) VALUES (45, 'naf', 'C', 'North Africa', 170, 591, NULL);
INSERT INTO Boarder (BoarderId, Regioncode, Type, BoarderName, mapX, mapY, Colour) VALUES (46, 'nts', 'S', 'North Sea', 272, 209, NULL);
INSERT INTO Boarder (BoarderId, Regioncode, Type, BoarderName, mapX, mapY, Colour) VALUES (47, 'nwy', 'C', 'Norway', 351, 160, NULL);
INSERT INTO Boarder (BoarderId, Regioncode, Type, BoarderName, mapX, mapY, Colour) VALUES (48, 'nwg', 'S', 'Norwegian Sea', 297, 124, NULL);
INSERT INTO Boarder (BoarderId, Regioncode, Type, BoarderName, mapX, mapY, Colour) VALUES (49, 'par', 'L', 'Paris', 227, 375, NULL);
INSERT INTO Boarder (BoarderId, Regioncode, Type, BoarderName, mapX, mapY, Colour) VALUES (50, 'pic', 'C', 'Picardy', 236, 348, NULL);
INSERT INTO Boarder (BoarderId, Regioncode, Type, BoarderName, mapX, mapY, Colour) VALUES (51, 'pie', 'C', 'Piedmont', 297, 443, NULL);
INSERT INTO Boarder (BoarderId, Regioncode, Type, BoarderName, mapX, mapY, Colour) VALUES (52, 'por', 'C', 'Portugal', 77, 463, NULL);
INSERT INTO Boarder (BoarderId, Regioncode, Type, BoarderName, mapX, mapY, Colour) VALUES (53, 'pru', 'C', 'Prussia', 399, 302, NULL);
INSERT INTO Boarder (BoarderId, Regioncode, Type, BoarderName, mapX, mapY, Colour) VALUES (54, 'rom', 'C', 'Rome', 344, 496, NULL);
INSERT INTO Boarder (BoarderId, Regioncode, Type, BoarderName, mapX, mapY, Colour) VALUES (55, 'ruh', 'L', 'Ruhr', 299, 344, NULL);
INSERT INTO Boarder (BoarderId, Regioncode, Type, BoarderName, mapX, mapY, Colour) VALUES (56, 'rum', 'C', 'Rumania', 518, 436, NULL);
INSERT INTO Boarder (BoarderId, Regioncode, Type, BoarderName, mapX, mapY, Colour) VALUES (57, 'ser', 'L', 'Serbia', 445, 486, NULL);
INSERT INTO Boarder (BoarderId, Regioncode, Type, BoarderName, mapX, mapY, Colour) VALUES (58, 'sev', 'C', 'Sevastopol', 595, 386, NULL);
INSERT INTO Boarder (BoarderId, Regioncode, Type, BoarderName, mapX, mapY, Colour) VALUES (59, 'sil', 'L', 'Silesia', 392, 339, NULL);
INSERT INTO Boarder (BoarderId, Regioncode, Type, BoarderName, mapX, mapY, Colour) VALUES (60, 'ska', 'S', 'Skagerrak', 342, 225, NULL);
INSERT INTO Boarder (BoarderId, Regioncode, Type, BoarderName, mapX, mapY, Colour) VALUES (61, 'smy', 'C', 'Smyrna', 561, 560, NULL);
INSERT INTO Boarder (BoarderId, Regioncode, Type, BoarderName, mapX, mapY, Colour) VALUES (62, 'spa', 'C', 'Spain NC', 131, 436, NULL);
INSERT INTO Boarder (BoarderId, Regioncode, Type, BoarderName, mapX, mapY, Colour) VALUES (63, 'spa', 'C', 'Spain SC', 133, 533, NULL);
INSERT INTO Boarder (BoarderId, Regioncode, Type, BoarderName, mapX, mapY, Colour) VALUES (64, 'stp', 'C', 'St Petersburg NC', 573, 114, NULL);
INSERT INTO Boarder (BoarderId, Regioncode, Type, BoarderName, mapX, mapY, Colour) VALUES (65, 'stp', 'C', 'St Petersburg SC', 516, 209, NULL);
INSERT INTO Boarder (BoarderId, Regioncode, Type, BoarderName, mapX, mapY, Colour) VALUES (66, 'swe', 'C', 'Sweden', 391, 161, NULL);
INSERT INTO Boarder (BoarderId, Regioncode, Type, BoarderName, mapX, mapY, Colour) VALUES (67, 'syr', 'C', 'Syria', 672, 565, NULL);
INSERT INTO Boarder (BoarderId, Regioncode, Type, BoarderName, mapX, mapY, Colour) VALUES (68, 'tri', 'C', 'Trieste', 391, 452, NULL);
INSERT INTO Boarder (BoarderId, Regioncode, Type, BoarderName, mapX, mapY, Colour) VALUES (69, 'tun', 'C', 'Tunis', 284, 601, NULL);
INSERT INTO Boarder (BoarderId, Regioncode, Type, BoarderName, mapX, mapY, Colour) VALUES (70, 'tus', 'C', 'Tuscany', 322, 471, NULL);
INSERT INTO Boarder (BoarderId, Regioncode, Type, BoarderName, mapX, mapY, Colour) VALUES (71, 'tyr', 'L', 'Tyrolia', 363, 404, NULL);
INSERT INTO Boarder (BoarderId, Regioncode, Type, BoarderName, mapX, mapY, Colour) VALUES (72, 'tys', 'S', 'Tyrrhenian Sea', 322, 531, NULL);
INSERT INTO Boarder (BoarderId, Regioncode, Type, BoarderName, mapX, mapY, Colour) VALUES (73, 'ukr', 'L', 'Ukraine', 526, 368, NULL);
INSERT INTO Boarder (BoarderId, Regioncode, Type, BoarderName, mapX, mapY, Colour) VALUES (74, 'ven', 'C', 'Venice', 332, 447, NULL);
INSERT INTO Boarder (BoarderId, Regioncode, Type, BoarderName, mapX, mapY, Colour) VALUES (75, 'vie', 'L', 'Vienna', 398, 400, NULL);
INSERT INTO Boarder (BoarderId, Regioncode, Type, BoarderName, mapX, mapY, Colour) VALUES (76, 'wal', 'C', 'Wales', 200, 301, NULL);
INSERT INTO Boarder (BoarderId, Regioncode, Type, BoarderName, mapX, mapY, Colour) VALUES (77, 'war', 'L', 'Warsaw', 455, 325, NULL);
INSERT INTO Boarder (BoarderId, Regioncode, Type, BoarderName, mapX, mapY, Colour) VALUES (78, 'wes', 'S', 'Western Mediterranean', 210, 544, NULL);
INSERT INTO Boarder (BoarderId, Regioncode, Type, BoarderName, mapX, mapY, Colour) VALUES (79, 'yor', 'C', 'Yorkshire', 229, 281, NULL);

-- Table: Command
DROP TABLE IF EXISTS Command;
CREATE TABLE Command (OrderId INTEGER PRIMARY KEY AUTOINCREMENT, Type STRING, Origin INTEGER REFERENCES Boarder (BoarderId), Destination INTEGER REFERENCES Boarder (BoarderId), Round INTEGER, UnitId INTEGER REFERENCES Unit (UnitId), BeatenBy INTEGER REFERENCES Command (OrderId), BeingConvoyed BOOLEAN, Failed BOOLEAN DEFAULT (0));
INSERT INTO Command (OrderId, Type, Origin, Destination, Round, UnitId, BeatenBy, BeingConvoyed, Failed) VALUES (733, 'hold', 15, 15, 1, 485, 0, 0, 0);
INSERT INTO Command (OrderId, Type, Origin, Destination, Round, UnitId, BeatenBy, BeingConvoyed, Failed) VALUES (734, 'hold', 68, 68, 1, 486, 0, 0, 0);
INSERT INTO Command (OrderId, Type, Origin, Destination, Round, UnitId, BeatenBy, BeingConvoyed, Failed) VALUES (735, 'hold', 75, 75, 1, 487, 0, 0, 0);
INSERT INTO Command (OrderId, Type, Origin, Destination, Round, UnitId, BeatenBy, BeingConvoyed, Failed) VALUES (736, 'hold', 23, 23, 1, 488, 0, 0, 0);
INSERT INTO Command (OrderId, Type, Origin, Destination, Round, UnitId, BeatenBy, BeingConvoyed, Failed) VALUES (737, 'hold', 36, 36, 1, 489, 0, 0, 0);
INSERT INTO Command (OrderId, Type, Origin, Destination, Round, UnitId, BeatenBy, BeingConvoyed, Failed) VALUES (738, 'hold', 38, 38, 1, 490, 0, 0, 0);
INSERT INTO Command (OrderId, Type, Origin, Destination, Round, UnitId, BeatenBy, BeingConvoyed, Failed) VALUES (739, 'hold', 14, 14, 1, 491, 0, 0, 0);
INSERT INTO Command (OrderId, Type, Origin, Destination, Round, UnitId, BeatenBy, BeingConvoyed, Failed) VALUES (740, 'hold', 39, 39, 1, 492, 0, 0, 0);
INSERT INTO Command (OrderId, Type, Origin, Destination, Round, UnitId, BeatenBy, BeingConvoyed, Failed) VALUES (741, 'hold', 49, 49, 1, 493, 0, 0, 0);
INSERT INTO Command (OrderId, Type, Origin, Destination, Round, UnitId, BeatenBy, BeingConvoyed, Failed) VALUES (742, 'hold', 11, 11, 1, 494, 0, 0, 0);
INSERT INTO Command (OrderId, Type, Origin, Destination, Round, UnitId, BeatenBy, BeingConvoyed, Failed) VALUES (743, 'hold', 35, 35, 1, 495, 0, 0, 0);
INSERT INTO Command (OrderId, Type, Origin, Destination, Round, UnitId, BeatenBy, BeingConvoyed, Failed) VALUES (744, 'hold', 42, 42, 1, 496, 0, 0, 0);
INSERT INTO Command (OrderId, Type, Origin, Destination, Round, UnitId, BeatenBy, BeingConvoyed, Failed) VALUES (745, 'hold', 43, 43, 1, 497, 0, 0, 0);
INSERT INTO Command (OrderId, Type, Origin, Destination, Round, UnitId, BeatenBy, BeingConvoyed, Failed) VALUES (746, 'hold', 54, 54, 1, 498, 0, 0, 0);
INSERT INTO Command (OrderId, Type, Origin, Destination, Round, UnitId, BeatenBy, BeingConvoyed, Failed) VALUES (747, 'hold', 74, 74, 1, 499, 0, 0, 0);
INSERT INTO Command (OrderId, Type, Origin, Destination, Round, UnitId, BeatenBy, BeingConvoyed, Failed) VALUES (748, 'hold', 41, 41, 1, 500, 0, 0, 0);
INSERT INTO Command (OrderId, Type, Origin, Destination, Round, UnitId, BeatenBy, BeingConvoyed, Failed) VALUES (749, 'hold', 58, 58, 1, 501, 0, 0, 0);
INSERT INTO Command (OrderId, Type, Origin, Destination, Round, UnitId, BeatenBy, BeingConvoyed, Failed) VALUES (750, 'hold', 65, 65, 1, 502, 0, 0, 0);
INSERT INTO Command (OrderId, Type, Origin, Destination, Round, UnitId, BeatenBy, BeingConvoyed, Failed) VALUES (751, 'hold', 77, 77, 1, 503, 0, 0, 0);
INSERT INTO Command (OrderId, Type, Origin, Destination, Round, UnitId, BeatenBy, BeingConvoyed, Failed) VALUES (752, 'hold', 5, 5, 1, 504, 0, 0, 0);
INSERT INTO Command (OrderId, Type, Origin, Destination, Round, UnitId, BeatenBy, BeingConvoyed, Failed) VALUES (753, 'hold', 20, 20, 1, 505, 0, 0, 0);
INSERT INTO Command (OrderId, Type, Origin, Destination, Round, UnitId, BeatenBy, BeingConvoyed, Failed) VALUES (754, 'hold', 61, 61, 1, 506, 0, 0, 0);

-- Table: HomeRegions
DROP TABLE IF EXISTS HomeRegions;
CREATE TABLE HomeRegions (PlayerId INTEGER REFERENCES Player (PlayerId), RegionCode TEXT    REFERENCES Region (RegionCode) );
INSERT INTO HomeRegions (PlayerId, RegionCode) VALUES (7, 'ank');
INSERT INTO HomeRegions (PlayerId, RegionCode) VALUES (4, 'ber');
INSERT INTO HomeRegions (PlayerId, RegionCode) VALUES (3, 'bre');
INSERT INTO HomeRegions (PlayerId, RegionCode) VALUES (1, 'bud');
INSERT INTO HomeRegions (PlayerId, RegionCode) VALUES (7, 'con');
INSERT INTO HomeRegions (PlayerId, RegionCode) VALUES (2, 'edi');
INSERT INTO HomeRegions (PlayerId, RegionCode) VALUES (4, 'kie');
INSERT INTO HomeRegions (PlayerId, RegionCode) VALUES (2, 'lvp');
INSERT INTO HomeRegions (PlayerId, RegionCode) VALUES (2, 'lon');
INSERT INTO HomeRegions (PlayerId, RegionCode) VALUES (3, 'mar');
INSERT INTO HomeRegions (PlayerId, RegionCode) VALUES (6, 'mos');
INSERT INTO HomeRegions (PlayerId, RegionCode) VALUES (4, 'mun');
INSERT INTO HomeRegions (PlayerId, RegionCode) VALUES (5, 'nap');
INSERT INTO HomeRegions (PlayerId, RegionCode) VALUES (3, 'par');
INSERT INTO HomeRegions (PlayerId, RegionCode) VALUES (5, 'rom');
INSERT INTO HomeRegions (PlayerId, RegionCode) VALUES (6, 'sev');
INSERT INTO HomeRegions (PlayerId, RegionCode) VALUES (7, 'smy');
INSERT INTO HomeRegions (PlayerId, RegionCode) VALUES (6, 'stp');
INSERT INTO HomeRegions (PlayerId, RegionCode) VALUES (1, 'tri');
INSERT INTO HomeRegions (PlayerId, RegionCode) VALUES (5, 'ven');
INSERT INTO HomeRegions (PlayerId, RegionCode) VALUES (1, 'vie');
INSERT INTO HomeRegions (PlayerId, RegionCode) VALUES (6, 'war');

-- Table: Player
DROP TABLE IF EXISTS Player;
CREATE TABLE Player (PlayerId INTEGER PRIMARY KEY, PlayerName STRING NOT NULL, Colour STRING);
INSERT INTO Player (PlayerId, PlayerName, Colour) VALUES (0, '    ', NULL);
INSERT INTO Player (PlayerId, PlayerName, Colour) VALUES (1, 'Austria', 'BROWN');
INSERT INTO Player (PlayerId, PlayerName, Colour) VALUES (2, 'England', 'PINK');
INSERT INTO Player (PlayerId, PlayerName, Colour) VALUES (3, 'France', 'BLUE');
INSERT INTO Player (PlayerId, PlayerName, Colour) VALUES (4, 'Germany', 'BLACK');
INSERT INTO Player (PlayerId, PlayerName, Colour) VALUES (5, 'Italy', 'GREEN');
INSERT INTO Player (PlayerId, PlayerName, Colour) VALUES (6, 'Russia', 'PURPLE');
INSERT INTO Player (PlayerId, PlayerName, Colour) VALUES (7, 'Turkey', 'YELLOW');

-- Table: Region
DROP TABLE IF EXISTS Region;
CREATE TABLE Region (RegionName STRING NOT NULL, RegionCode TEXT PRIMARY KEY UNIQUE, SupplyCenter BOOLEAN NOT NULL, Owner INTEGER REFERENCES Player (PlayerId), BounceTurn INTEGER);
INSERT INTO Region (RegionName, RegionCode, SupplyCenter, Owner, BounceTurn) VALUES ('Switzerland', 'swi', 0, 0, NULL);
INSERT INTO Region (RegionName, RegionCode, SupplyCenter, Owner, BounceTurn) VALUES ('Adriatic Sea', 'adr', 0, 0, NULL);
INSERT INTO Region (RegionName, RegionCode, SupplyCenter, Owner, BounceTurn) VALUES ('Aegean Sea', 'aeg', 0, 0, NULL);
INSERT INTO Region (RegionName, RegionCode, SupplyCenter, Owner, BounceTurn) VALUES ('Albania', 'alb', 0, 0, NULL);
INSERT INTO Region (RegionName, RegionCode, SupplyCenter, Owner, BounceTurn) VALUES ('Ankara', 'ank', 1, 7, NULL);
INSERT INTO Region (RegionName, RegionCode, SupplyCenter, Owner, BounceTurn) VALUES ('Apulia', 'apu', 0, 0, NULL);
INSERT INTO Region (RegionName, RegionCode, SupplyCenter, Owner, BounceTurn) VALUES ('Armenia', 'arm', 0, 0, NULL);
INSERT INTO Region (RegionName, RegionCode, SupplyCenter, Owner, BounceTurn) VALUES ('Baltic Sea', 'bal', 0, 0, NULL);
INSERT INTO Region (RegionName, RegionCode, SupplyCenter, Owner, BounceTurn) VALUES ('Barents Sea', 'bar', 0, 0, NULL);
INSERT INTO Region (RegionName, RegionCode, SupplyCenter, Owner, BounceTurn) VALUES ('Belgium', 'bel', 1, 0, NULL);
INSERT INTO Region (RegionName, RegionCode, SupplyCenter, Owner, BounceTurn) VALUES ('Berlin', 'ber', 1, 4, NULL);
INSERT INTO Region (RegionName, RegionCode, SupplyCenter, Owner, BounceTurn) VALUES ('Black Sea', 'bla', 0, 0, NULL);
INSERT INTO Region (RegionName, RegionCode, SupplyCenter, Owner, BounceTurn) VALUES ('Bohemia', 'boh', 0, 0, NULL);
INSERT INTO Region (RegionName, RegionCode, SupplyCenter, Owner, BounceTurn) VALUES ('Brest', 'bre', 1, 3, NULL);
INSERT INTO Region (RegionName, RegionCode, SupplyCenter, Owner, BounceTurn) VALUES ('Budapest', 'bud', 1, 1, NULL);
INSERT INTO Region (RegionName, RegionCode, SupplyCenter, Owner, BounceTurn) VALUES ('Bulgaria', 'bul', 1, 0, NULL);
INSERT INTO Region (RegionName, RegionCode, SupplyCenter, Owner, BounceTurn) VALUES ('Burgundy', 'bur', 0, 0, NULL);
INSERT INTO Region (RegionName, RegionCode, SupplyCenter, Owner, BounceTurn) VALUES ('Clyde', 'cly', 0, 0, NULL);
INSERT INTO Region (RegionName, RegionCode, SupplyCenter, Owner, BounceTurn) VALUES ('Constantinople', 'con', 1, 7, NULL);
INSERT INTO Region (RegionName, RegionCode, SupplyCenter, Owner, BounceTurn) VALUES ('Denmark', 'den', 1, 0, NULL);
INSERT INTO Region (RegionName, RegionCode, SupplyCenter, Owner, BounceTurn) VALUES ('Eastern Mediterranean', 'eme', 0, 0, NULL);
INSERT INTO Region (RegionName, RegionCode, SupplyCenter, Owner, BounceTurn) VALUES ('Edinburgh', 'edi', 1, 2, NULL);
INSERT INTO Region (RegionName, RegionCode, SupplyCenter, Owner, BounceTurn) VALUES ('English Channel', 'ech', 0, 0, NULL);
INSERT INTO Region (RegionName, RegionCode, SupplyCenter, Owner, BounceTurn) VALUES ('Finland', 'fin', 0, 0, NULL);
INSERT INTO Region (RegionName, RegionCode, SupplyCenter, Owner, BounceTurn) VALUES ('Galicia', 'gal', 0, 0, NULL);
INSERT INTO Region (RegionName, RegionCode, SupplyCenter, Owner, BounceTurn) VALUES ('Gascony', 'gas', 0, 0, NULL);
INSERT INTO Region (RegionName, RegionCode, SupplyCenter, Owner, BounceTurn) VALUES ('Greece', 'gre', 0, 0, NULL);
INSERT INTO Region (RegionName, RegionCode, SupplyCenter, Owner, BounceTurn) VALUES ('Gulf of Lyon', 'gol', 0, 0, NULL);
INSERT INTO Region (RegionName, RegionCode, SupplyCenter, Owner, BounceTurn) VALUES ('Gulf of Bothnia', 'gob', 0, 0, NULL);
INSERT INTO Region (RegionName, RegionCode, SupplyCenter, Owner, BounceTurn) VALUES ('Helgoland Bight', 'hel', 0, 0, NULL);
INSERT INTO Region (RegionName, RegionCode, SupplyCenter, Owner, BounceTurn) VALUES ('Holland', 'hol', 1, 0, NULL);
INSERT INTO Region (RegionName, RegionCode, SupplyCenter, Owner, BounceTurn) VALUES ('Ionian Sea', 'ion', 0, 0, NULL);
INSERT INTO Region (RegionName, RegionCode, SupplyCenter, Owner, BounceTurn) VALUES ('Irish Sea', 'iri', 0, 0, NULL);
INSERT INTO Region (RegionName, RegionCode, SupplyCenter, Owner, BounceTurn) VALUES ('Kiel', 'kie', 1, 4, NULL);
INSERT INTO Region (RegionName, RegionCode, SupplyCenter, Owner, BounceTurn) VALUES ('Liverpool', 'lvp', 1, 2, NULL);
INSERT INTO Region (RegionName, RegionCode, SupplyCenter, Owner, BounceTurn) VALUES ('Livonia', 'lvn', 0, 0, NULL);
INSERT INTO Region (RegionName, RegionCode, SupplyCenter, Owner, BounceTurn) VALUES ('London', 'lon', 1, 2, NULL);
INSERT INTO Region (RegionName, RegionCode, SupplyCenter, Owner, BounceTurn) VALUES ('Marseilles', 'mar', 1, 3, NULL);
INSERT INTO Region (RegionName, RegionCode, SupplyCenter, Owner, BounceTurn) VALUES ('Mid-Atlantic Ocean', 'mao', 0, 0, NULL);
INSERT INTO Region (RegionName, RegionCode, SupplyCenter, Owner, BounceTurn) VALUES ('Moscow', 'mos', 1, 6, NULL);
INSERT INTO Region (RegionName, RegionCode, SupplyCenter, Owner, BounceTurn) VALUES ('Munich', 'mun', 1, 4, NULL);
INSERT INTO Region (RegionName, RegionCode, SupplyCenter, Owner, BounceTurn) VALUES ('Naples', 'nap', 1, 5, NULL);
INSERT INTO Region (RegionName, RegionCode, SupplyCenter, Owner, BounceTurn) VALUES ('North Atlantic Ocean', 'nao', 0, 0, NULL);
INSERT INTO Region (RegionName, RegionCode, SupplyCenter, Owner, BounceTurn) VALUES ('North Africa', 'naf', 0, 0, NULL);
INSERT INTO Region (RegionName, RegionCode, SupplyCenter, Owner, BounceTurn) VALUES ('North Sea', 'nts', 0, 0, NULL);
INSERT INTO Region (RegionName, RegionCode, SupplyCenter, Owner, BounceTurn) VALUES ('Norway', 'nwy', 1, 0, NULL);
INSERT INTO Region (RegionName, RegionCode, SupplyCenter, Owner, BounceTurn) VALUES ('Norwegian Sea', 'nwg', 0, 0, NULL);
INSERT INTO Region (RegionName, RegionCode, SupplyCenter, Owner, BounceTurn) VALUES ('Paris', 'par', 1, 3, NULL);
INSERT INTO Region (RegionName, RegionCode, SupplyCenter, Owner, BounceTurn) VALUES ('Picardy', 'pic', 0, 0, NULL);
INSERT INTO Region (RegionName, RegionCode, SupplyCenter, Owner, BounceTurn) VALUES ('Piedmont', 'pie', 0, 0, NULL);
INSERT INTO Region (RegionName, RegionCode, SupplyCenter, Owner, BounceTurn) VALUES ('Portugal', 'por', 1, 0, NULL);
INSERT INTO Region (RegionName, RegionCode, SupplyCenter, Owner, BounceTurn) VALUES ('Prussia', 'pru', 0, 0, NULL);
INSERT INTO Region (RegionName, RegionCode, SupplyCenter, Owner, BounceTurn) VALUES ('Rome', 'rom', 1, 5, NULL);
INSERT INTO Region (RegionName, RegionCode, SupplyCenter, Owner, BounceTurn) VALUES ('Ruhr', 'ruh', 0, 0, NULL);
INSERT INTO Region (RegionName, RegionCode, SupplyCenter, Owner, BounceTurn) VALUES ('Rumania', 'rum', 1, 0, NULL);
INSERT INTO Region (RegionName, RegionCode, SupplyCenter, Owner, BounceTurn) VALUES ('Serbia', 'ser', 1, 0, NULL);
INSERT INTO Region (RegionName, RegionCode, SupplyCenter, Owner, BounceTurn) VALUES ('Sevastopol', 'sev', 1, 6, NULL);
INSERT INTO Region (RegionName, RegionCode, SupplyCenter, Owner, BounceTurn) VALUES ('Silesia', 'sil', 0, 0, NULL);
INSERT INTO Region (RegionName, RegionCode, SupplyCenter, Owner, BounceTurn) VALUES ('Skagerrak', 'ska', 0, 0, NULL);
INSERT INTO Region (RegionName, RegionCode, SupplyCenter, Owner, BounceTurn) VALUES ('Smyrna', 'smy', 1, 7, NULL);
INSERT INTO Region (RegionName, RegionCode, SupplyCenter, Owner, BounceTurn) VALUES ('Spain', 'spa', 1, 0, NULL);
INSERT INTO Region (RegionName, RegionCode, SupplyCenter, Owner, BounceTurn) VALUES ('St Petersburg', 'stp', 1, 6, NULL);
INSERT INTO Region (RegionName, RegionCode, SupplyCenter, Owner, BounceTurn) VALUES ('Sweden', 'swe', 1, 0, NULL);
INSERT INTO Region (RegionName, RegionCode, SupplyCenter, Owner, BounceTurn) VALUES ('Syria', 'syr', 0, 0, NULL);
INSERT INTO Region (RegionName, RegionCode, SupplyCenter, Owner, BounceTurn) VALUES ('Trieste', 'tri', 1, 1, NULL);
INSERT INTO Region (RegionName, RegionCode, SupplyCenter, Owner, BounceTurn) VALUES ('Tunis', 'tun', 0, 0, NULL);
INSERT INTO Region (RegionName, RegionCode, SupplyCenter, Owner, BounceTurn) VALUES ('Tuscany', 'tus', 0, 0, NULL);
INSERT INTO Region (RegionName, RegionCode, SupplyCenter, Owner, BounceTurn) VALUES ('Tyrolia', 'tyr', 0, 0, NULL);
INSERT INTO Region (RegionName, RegionCode, SupplyCenter, Owner, BounceTurn) VALUES ('Tyrrhenian Sea', 'tys', 0, 0, NULL);
INSERT INTO Region (RegionName, RegionCode, SupplyCenter, Owner, BounceTurn) VALUES ('Ukraine', 'ukr', 0, 0, NULL);
INSERT INTO Region (RegionName, RegionCode, SupplyCenter, Owner, BounceTurn) VALUES ('Venice', 'ven', 1, 5, NULL);
INSERT INTO Region (RegionName, RegionCode, SupplyCenter, Owner, BounceTurn) VALUES ('Vienna', 'vie', 1, 1, NULL);
INSERT INTO Region (RegionName, RegionCode, SupplyCenter, Owner, BounceTurn) VALUES ('Wales', 'wal', 0, 0, NULL);
INSERT INTO Region (RegionName, RegionCode, SupplyCenter, Owner, BounceTurn) VALUES ('Warsaw', 'war', 1, 6, NULL);
INSERT INTO Region (RegionName, RegionCode, SupplyCenter, Owner, BounceTurn) VALUES ('Western Mediterranean', 'wes', 0, 0, NULL);
INSERT INTO Region (RegionName, RegionCode, SupplyCenter, Owner, BounceTurn) VALUES ('Yorkshire', 'yor', 0, 0, NULL);

-- Table: Unit
DROP TABLE IF EXISTS Unit;
CREATE TABLE Unit (UnitId INTEGER PRIMARY KEY AUTOINCREMENT, UnitType STRING NOT NULL, PlayerId INTEGER REFERENCES Player (PlayerId), Occupies INTEGER REFERENCES Boarder (BoarderId), Disbanded BOOLEAN DEFAULT (0));
INSERT INTO Unit (UnitId, UnitType, PlayerId, Occupies, Disbanded) VALUES (485, 'A', 1, 15, 0);
INSERT INTO Unit (UnitId, UnitType, PlayerId, Occupies, Disbanded) VALUES (486, 'F', 1, 68, 0);
INSERT INTO Unit (UnitId, UnitType, PlayerId, Occupies, Disbanded) VALUES (487, 'A', 1, 75, 0);
INSERT INTO Unit (UnitId, UnitType, PlayerId, Occupies, Disbanded) VALUES (488, 'F', 2, 23, 0);
INSERT INTO Unit (UnitId, UnitType, PlayerId, Occupies, Disbanded) VALUES (489, 'A', 2, 36, 0);
INSERT INTO Unit (UnitId, UnitType, PlayerId, Occupies, Disbanded) VALUES (490, 'F', 2, 38, 0);
INSERT INTO Unit (UnitId, UnitType, PlayerId, Occupies, Disbanded) VALUES (491, 'F', 3, 14, 0);
INSERT INTO Unit (UnitId, UnitType, PlayerId, Occupies, Disbanded) VALUES (492, 'A', 3, 39, 0);
INSERT INTO Unit (UnitId, UnitType, PlayerId, Occupies, Disbanded) VALUES (493, 'A', 3, 49, 0);
INSERT INTO Unit (UnitId, UnitType, PlayerId, Occupies, Disbanded) VALUES (494, 'A', 4, 11, 0);
INSERT INTO Unit (UnitId, UnitType, PlayerId, Occupies, Disbanded) VALUES (495, 'F', 4, 35, 0);
INSERT INTO Unit (UnitId, UnitType, PlayerId, Occupies, Disbanded) VALUES (496, 'A', 4, 42, 0);
INSERT INTO Unit (UnitId, UnitType, PlayerId, Occupies, Disbanded) VALUES (497, 'F', 5, 43, 0);
INSERT INTO Unit (UnitId, UnitType, PlayerId, Occupies, Disbanded) VALUES (498, 'A', 5, 54, 0);
INSERT INTO Unit (UnitId, UnitType, PlayerId, Occupies, Disbanded) VALUES (499, 'A', 5, 74, 0);
INSERT INTO Unit (UnitId, UnitType, PlayerId, Occupies, Disbanded) VALUES (500, 'A', 6, 41, 0);
INSERT INTO Unit (UnitId, UnitType, PlayerId, Occupies, Disbanded) VALUES (501, 'F', 6, 58, 0);
INSERT INTO Unit (UnitId, UnitType, PlayerId, Occupies, Disbanded) VALUES (502, 'F', 6, 65, 0);
INSERT INTO Unit (UnitId, UnitType, PlayerId, Occupies, Disbanded) VALUES (503, 'A', 6, 77, 0);
INSERT INTO Unit (UnitId, UnitType, PlayerId, Occupies, Disbanded) VALUES (504, 'F', 7, 5, 0);
INSERT INTO Unit (UnitId, UnitType, PlayerId, Occupies, Disbanded) VALUES (505, 'A', 7, 20, 0);
INSERT INTO Unit (UnitId, UnitType, PlayerId, Occupies, Disbanded) VALUES (506, 'A', 7, 61, 0);

COMMIT TRANSACTION;
PRAGMA foreign_keys = on;
